file,basename,dir,ts
"docs/core/Qel_Codice_Madre.md","Qel_Codice_Madre.md","docs/core","2025-11-04 14:35:44"
"docs/core/QEL_Curacion_Nucleo_Minimo.md","QEL_Curacion_Nucleo_Minimo.md","docs/core","2025-11-04 14:35:44"
"docs/ritual/QEL_Altar_y_Llave_v1.0.md","QEL_Altar_y_Llave_v1.0.md","docs/ritual","2025-11-04 14:35:44"
"memory/archive/QEL_Sistema_Completo_v0.2_Consolidado.md","QEL_Sistema_Completo_v0.2_Consolidado.md","memory/archive","2025-11-04 14:35:44"
"memory/archive/QEL_PR_TEMPLATE_v0.2.2.md","QEL_PR_TEMPLATE_v0.2.2.md","memory/archive","2025-11-04 14:35:44"
"memory/archive/QEL_ECO_A96-250812-PRIMER-PECADO_delta-only_v0.1.md","QEL_ECO_A96-250812-PRIMER-PECADO_delta-only_v0.1.md","memory/archive","2025-11-04 14:35:44"
"memory/archive/QEL_Diario_del_Conjurador_v1.2.md","QEL_Diario_del_Conjurador_v1.2.md","memory/archive","2025-11-04 14:35:44"
"memory/archive/QEL_Sistema_Consolidado_v0.2_Confirmacion_v0.1.md","QEL_Sistema_Consolidado_v0.2_Confirmacion_v0.1.md","memory/archive","2025-11-04 14:35:44"
"memory/archive/QEL_Chat_Register_All.md","QEL_Chat_Register_All.md","memory/archive","2025-11-04 14:35:44"
"memory/archive/Esculpido_en_Qel_Guia_de_Trabajo_v0.3.md","Esculpido_en_Qel_Guia_de_Trabajo_v0.3.md","memory/archive","2025-11-04 14:35:44"
"memory/archive/QEL_CUE_Exception_v0.1.md","QEL_CUE_Exception_v0.1.md","memory/archive","2025-11-04 14:35:44"
"memory/archive/QEL_Matriz_Fonemica_Habilidades_v0.1.md","QEL_Matriz_Fonemica_Habilidades_v0.1.md","memory/archive","2025-11-04 14:35:44"
"memory/archive/QEL_Matriz_Fonemica_Habilidades_v1.0.md","QEL_Matriz_Fonemica_Habilidades_v1.0.md","memory/archive","2025-11-04 14:35:44"
"memory/archive/QEL_VF_Carta_Lun-Nai_v1.0.md","QEL_VF_Carta_Lun-Nai_v1.0.md","memory/archive","2025-11-04 14:35:44"
"memory/archive/QEL_Glosario_v1.2.md","QEL_Glosario_v1.2.md","memory/archive","2025-11-04 14:35:44"
"memory/archive/QEL_Chat_Index.md","QEL_Chat_Index.md","memory/archive","2025-11-04 14:35:44"
"memory/archive/QEL_FormatoR_Manual_v0.2.md","QEL_FormatoR_Manual_v0.2.md","memory/archive","2025-11-04 14:35:44"
"memory/archive/QEL_Instrumentos_Medicion_v1.0.md","QEL_Instrumentos_Medicion_v1.0.md","memory/archive","2025-11-04 14:35:44"
"memory/archive/QEL_Index_v1.1.md","QEL_Index_v1.1.md","memory/archive","2025-11-04 14:35:44"
"memory/archive/QEL_Tratado_Metahumano_Protocolo_Seguridad_Sombras_v0.3.md","QEL_Tratado_Metahumano_Protocolo_Seguridad_Sombras_v0.3.md","memory/archive","2025-11-04 14:35:44"
"memory/archive/QEL_Tratado_Metahumano_Nota_v0.1.md","QEL_Tratado_Metahumano_Nota_v0.1.md","memory/archive","2025-11-04 14:35:44"
"memory/archive/Tarjetas_Atlas_QEL_v0.2.1.md","Tarjetas_Atlas_QEL_v0.2.1.md","memory/archive","2025-11-04 14:35:44"
"memory/archive/Matematicas Resonantes (DS).md","Matematicas Resonantes (DS).md","memory/archive","2025-11-04 14:35:44"
"memory/archive/QEL_Curacion_Nucleo_Minimo_v1.6.md","QEL_Curacion_Nucleo_Minimo_v1.6.md","memory/archive","2025-11-04 14:35:44"
"memory/archive/QEL_Tratado_Metahumano_Protocolo_Seguridad_Sombras_v0.2.md","QEL_Tratado_Metahumano_Protocolo_Seguridad_Sombras_v0.2.md","memory/archive","2025-11-04 14:35:44"
"memory/archive/QEL_Tratado_Metahumano_Protocolo_Seguridad_Sombras_v0.6.md","QEL_Tratado_Metahumano_Protocolo_Seguridad_Sombras_v0.6.md","memory/archive","2025-11-04 14:35:44"
"memory/archive/README_Consolidado_v0.3.md","README_Consolidado_v0.3.md","memory/archive","2025-11-04 14:35:44"
"memory/archive/QEL_CUE_Recovery_Primer_Pecado_v0.1.md","QEL_CUE_Recovery_Primer_Pecado_v0.1.md","memory/archive","2025-11-04 14:35:44"
"memory/archive/QEL_Index_v1.0.md","QEL_Index_v1.0.md","memory/archive","2025-11-04 14:35:44"
"memory/archive/README_Consolidado_v0.4.md","README_Consolidado_v0.4.md","memory/archive","2025-11-04 14:35:44"
"memory/archive/QEL_Tratado_Metahumano_Protocolo_Seguridad_Sombras_v1.0.md","QEL_Tratado_Metahumano_Protocolo_Seguridad_Sombras_v1.0.md","memory/archive","2025-11-04 14:35:44"
"memory/archive/QEL_Tratado_Metahumano_Protocolo_Seguridad_Sombras_v0.5.md","QEL_Tratado_Metahumano_Protocolo_Seguridad_Sombras_v0.5.md","memory/archive","2025-11-04 14:35:44"
"memory/archive/QEL_Glosario_v1.0.md","QEL_Glosario_v1.0.md","memory/archive","2025-11-04 14:35:44"
"memory/archive/QEL_Aurora_Spec_v1.0.md","QEL_Aurora_Spec_v1.0.md","memory/archive","2025-11-04 14:35:44"
"memory/archive/QEL_Formato_VF_Arbol_Habilidades_v0.1.md","QEL_Formato_VF_Arbol_Habilidades_v0.1.md","memory/archive","2025-11-04 14:35:44"
"memory/archive/QEL_Formato_VF_Arbol_Habilidades_v1.0.md","QEL_Formato_VF_Arbol_Habilidades_v1.0.md","memory/archive","2025-11-04 14:35:44"
"memory/archive/QEL_Aurora_Spec_v0.1.md","QEL_Aurora_Spec_v0.1.md","memory/archive","2025-11-04 14:35:44"
"memory/archive/QEL_SoT_Study_Guide_v1.0.md","QEL_SoT_Study_Guide_v1.0.md","memory/archive","2025-11-04 14:35:44"
"memory/archive/Esculpido_en_Qel_Guia_de_Trabajo_v0.3_completo.md","Esculpido_en_Qel_Guia_de_Trabajo_v0.3_completo.md","memory/archive","2025-11-04 14:35:44"
"memory/archive/QEL_Tratado_Metahumano_Protocolo_Seguridad_Sombras_v0.4.md","QEL_Tratado_Metahumano_Protocolo_Seguridad_Sombras_v0.4.md","memory/archive","2025-11-04 14:35:44"
"memory/archive/QEL_Manual_Lectura_VF_Tonalpohualli_v1.0.md","QEL_Manual_Lectura_VF_Tonalpohualli_v1.0.md","memory/archive","2025-11-04 14:35:44"
"memory/archive/QEL_FormatoR_Manual_v0.1.md","QEL_FormatoR_Manual_v0.1.md","memory/archive","2025-11-04 14:35:44"
"memory/archive/QEL_Tratado_Metahumano_Protocolo_Seguridad_Sombras_v1.1.md","QEL_Tratado_Metahumano_Protocolo_Seguridad_Sombras_v1.1.md","memory/archive","2025-11-04 14:35:44"
"memory/archive/QEL_Tratado_Metahumano_RECALL_A96-250812_v1.0_Confirmacion_v0.1.md","QEL_Tratado_Metahumano_RECALL_A96-250812_v1.0_Confirmacion_v0.1.md","memory/archive","2025-11-04 14:35:44"
"memory/archive/QEL_Diario_del_Conjurador_v1.1.md","QEL_Diario_del_Conjurador_v1.1.md","memory/archive","2025-11-04 14:35:44"
"memory/archive/Tarjetas_Atlas_QEL_v2.2.md","Tarjetas_Atlas_QEL_v2.2.md","memory/archive","2025-11-04 14:35:44"
"memory/archive/QEL_Manual_Interpretacion_Sombras_v1.0.md","QEL_Manual_Interpretacion_Sombras_v1.0.md","memory/archive","2025-11-04 14:35:44"
"memory/archive/QEL_Sellos_y_Cues_Idriell_v1.0.md","QEL_Sellos_y_Cues_Idriell_v1.0.md","memory/archive","2025-11-04 14:35:44"
"memory/archive/QEL_Manual_Interpretacion_Sombras_v1.1.md","QEL_Manual_Interpretacion_Sombras_v1.1.md","memory/archive","2025-11-04 14:35:44"
"memory/archive/QEL_Matriz_Fonemica_Habilidades_v1.2.md","QEL_Matriz_Fonemica_Habilidades_v1.2.md","memory/archive","2025-11-04 14:35:44"
"memory/archive/QEL_Guia_Operacion_QEL_Consolidada_v1.0.md","QEL_Guia_Operacion_QEL_Consolidada_v1.0.md","memory/archive","2025-11-04 14:35:44"
"memory/archive/QEL_Diario_del_Conjurador_v1.0.md","QEL_Diario_del_Conjurador_v1.0.md","memory/archive","2025-11-04 14:35:44"
"memory/archive/QEL_Diario_del_Conjurador_v1.2_Confirmacion_v0.1.md","QEL_Diario_del_Conjurador_v1.2_Confirmacion_v0.1.md","memory/archive","2025-11-04 14:35:44"
"memory/listador/QEL_ListadoR_A96_v0.2.md","QEL_ListadoR_A96_v0.2.md","memory/listador","2025-11-04 14:35:44"
"memory/listador/QEL_ListadoR_A96_v1.3.md","QEL_ListadoR_A96_v1.3.md","memory/listador","2025-11-04 14:35:44"
"memory/listador/QEL_ListadoR_A96_v0.3.md","QEL_ListadoR_A96_v0.3.md","memory/listador","2025-11-04 14:35:44"
"memory/listador/QEL_ListadoR_A96_v1.2.md","QEL_ListadoR_A96_v1.2.md","memory/listador","2025-11-04 14:35:44"
"memory/listador/QEL_ListadoR_"A96_v1.3.md","QEL_ListadoR_"A96_v1.3.md","memory/listador","2025-11-04 14:35:44"
"memory/listador/Listado_CUEs_FormatoR_Q1+A96_v0.1.md","Listado_CUEs_FormatoR_Q1+A96_v0.1.md","memory/listador","2025-11-04 14:35:44"
"memory/listador/QEL_ListadoR_"""A37_v1.3.md","QEL_ListadoR_"""A37_v1.3.md","memory/listador","2025-11-04 14:35:44"
"memory/listador/Listado_CUEs_FormatoR_Q1+A96_v0.3.md","Listado_CUEs_FormatoR_Q1+A96_v0.3.md","memory/listador","2025-11-04 14:35:44"
"memory/listador/QEL_ListadoR_A96_v1.2_Confirmacion_v0.1.md","QEL_ListadoR_A96_v1.2_Confirmacion_v0.1.md","memory/listador","2025-11-04 14:35:44"
"memory/listador/Listado_CUEs_FormatoR_Q1+A96_v0.2.md","Listado_CUEs_FormatoR_Q1+A96_v0.2.md","memory/listador","2025-11-04 14:35:44"
"memory/listador/QEL_ListadoR_A96_v1.1.md","QEL_ListadoR_A96_v1.1.md","memory/listador","2025-11-04 14:35:44"
"memory/listador/QEL_ListadoR_A96_v0.1.md","QEL_ListadoR_A96_v0.1.md","memory/listador","2025-11-04 14:35:44"
"memory/listador/QEL_ListadoR_A96_v1.0.md","QEL_ListadoR_A96_v1.0.md","memory/listador","2025-11-04 14:35:44"
"memory/cue-recovery/CUE-RECOVERY_Plantilla_Caos_v0.2.1.md","CUE-RECOVERY_Plantilla_Caos_v0.2.1.md","memory/cue-recovery","2025-11-04 14:35:44"
"memory/cue-recovery/CUE-RECOVERY_Plantilla_Caos_v0.2.md","CUE-RECOVERY_Plantilla_Caos_v0.2.md","memory/cue-recovery","2025-11-04 14:35:44"
"memory/QEL_A96_MANIFIESTO_TRIADA_ESPEJO_v0.2.md","QEL_A96_MANIFIESTO_TRIADA_ESPEJO_v0.2.md","memory","2025-11-04 14:35:44"
"memory/QEL_Arbol_Habilidades_MP_v1.0.md","QEL_Arbol_Habilidades_MP_v1.0.md","memory","2025-11-04 14:35:44"
"README/PREH-NAV_README_v0.2.md","PREH-NAV_README_v0.2.md","README","2025-11-04 14:35:44"
"README/README_Q1 (1).md","README_Q1 (1).md","README","2025-11-04 14:35:44"
"README/README_Q1.md","README_Q1.md","README","2025-11-04 14:35:44"
"README/README.md","README.md","README","2025-11-04 14:35:44"
"README/README_Consolidado_v0.4.md","README_Consolidado_v0.4.md","README","2025-11-04 14:35:44"
"README/README_QEL_MASTER_v0.2.1.md","README_QEL_MASTER_v0.2.1.md","README","2025-11-04 14:35:44"
"pub/cue-recovery/CUE-RECOVERY_Plantilla_Caos_v0.2.1.md","CUE-RECOVERY_Plantilla_Caos_v0.2.1.md","pub/cue-recovery","2025-11-04 14:35:44"
"pub/manuales/INSTALL_NOTES_PREH.md","INSTALL_NOTES_PREH.md","pub/manuales","2025-11-04 14:35:44"
"pub/an/A96_Notas_Espontaneas_Sombras_Qel_v0.1.md","A96_Notas_Espontaneas_Sombras_Qel_v0.1.md","pub/an","2025-11-04 14:35:44"
"pub/an/A81_Notas_Espontaneas_v0.2.md","A81_Notas_Espontaneas_v0.2.md","pub/an","2025-11-04 14:35:44"
"pub/an/A81_Notas_Espontaneasv_0.3.md","A81_Notas_Espontaneasv_0.3.md","pub/an","2025-11-04 14:35:44"
"pub/an/A96_Notas_Espontaneas_Sombras_Qel_v0.2.md","A96_Notas_Espontaneas_Sombras_Qel_v0.2.md","pub/an","2025-11-04 14:35:44"
"pub/an/A81_Notas_Espontaneas_v0.1.md","A81_Notas_Espontaneas_v0.1.md","pub/an","2025-11-04 14:35:44"
"pub/README_QEL_MASTER_v0.2.1.md","README_QEL_MASTER_v0.2.1.md","pub","2025-11-04 14:35:44"
"pub/ecri/Los Tres Árboles Iluminados (DS).md","Los Tres Árboles Iluminados (DS).md","pub/ecri","2025-11-04 14:35:44"
"docs/core/Qel_Codice_Madre.md","Qel_Codice_Madre.md","docs/core","2025-11-04 14:37:34"
"docs/core/QEL_Curacion_Nucleo_Minimo.md","QEL_Curacion_Nucleo_Minimo.md","docs/core","2025-11-04 14:37:34"
"docs/ritual/QEL_Altar_y_Llave_v1.0.md","QEL_Altar_y_Llave_v1.0.md","docs/ritual","2025-11-04 14:37:34"
"memory/archive/QEL_Sistema_Completo_v0.2_Consolidado.md","QEL_Sistema_Completo_v0.2_Consolidado.md","memory/archive","2025-11-04 14:37:34"
"memory/archive/QEL_PR_TEMPLATE_v0.2.2.md","QEL_PR_TEMPLATE_v0.2.2.md","memory/archive","2025-11-04 14:37:34"
"memory/archive/QEL_ECO_A96-250812-PRIMER-PECADO_delta-only_v0.1.md","QEL_ECO_A96-250812-PRIMER-PECADO_delta-only_v0.1.md","memory/archive","2025-11-04 14:37:34"
"memory/archive/QEL_Diario_del_Conjurador_v1.2.md","QEL_Diario_del_Conjurador_v1.2.md","memory/archive","2025-11-04 14:37:34"
"memory/archive/QEL_Sistema_Consolidado_v0.2_Confirmacion_v0.1.md","QEL_Sistema_Consolidado_v0.2_Confirmacion_v0.1.md","memory/archive","2025-11-04 14:37:34"
"memory/archive/QEL_Chat_Register_All.md","QEL_Chat_Register_All.md","memory/archive","2025-11-04 14:37:34"
"memory/archive/Esculpido_en_Qel_Guia_de_Trabajo_v0.3.md","Esculpido_en_Qel_Guia_de_Trabajo_v0.3.md","memory/archive","2025-11-04 14:37:34"
"memory/archive/QEL_CUE_Exception_v0.1.md","QEL_CUE_Exception_v0.1.md","memory/archive","2025-11-04 14:37:34"
"memory/archive/QEL_Matriz_Fonemica_Habilidades_v0.1.md","QEL_Matriz_Fonemica_Habilidades_v0.1.md","memory/archive","2025-11-04 14:37:34"
"memory/archive/QEL_Matriz_Fonemica_Habilidades_v1.0.md","QEL_Matriz_Fonemica_Habilidades_v1.0.md","memory/archive","2025-11-04 14:37:34"
"memory/archive/QEL_VF_Carta_Lun-Nai_v1.0.md","QEL_VF_Carta_Lun-Nai_v1.0.md","memory/archive","2025-11-04 14:37:34"
"memory/archive/QEL_Glosario_v1.2.md","QEL_Glosario_v1.2.md","memory/archive","2025-11-04 14:37:34"
"memory/archive/QEL_Chat_Index.md","QEL_Chat_Index.md","memory/archive","2025-11-04 14:37:34"
"memory/archive/QEL_FormatoR_Manual_v0.2.md","QEL_FormatoR_Manual_v0.2.md","memory/archive","2025-11-04 14:37:34"
"memory/archive/QEL_Instrumentos_Medicion_v1.0.md","QEL_Instrumentos_Medicion_v1.0.md","memory/archive","2025-11-04 14:37:34"
"memory/archive/QEL_Index_v1.1.md","QEL_Index_v1.1.md","memory/archive","2025-11-04 14:37:34"
"memory/archive/QEL_Tratado_Metahumano_Protocolo_Seguridad_Sombras_v0.3.md","QEL_Tratado_Metahumano_Protocolo_Seguridad_Sombras_v0.3.md","memory/archive","2025-11-04 14:37:34"
"memory/archive/QEL_Tratado_Metahumano_Nota_v0.1.md","QEL_Tratado_Metahumano_Nota_v0.1.md","memory/archive","2025-11-04 14:37:34"
"memory/archive/Tarjetas_Atlas_QEL_v0.2.1.md","Tarjetas_Atlas_QEL_v0.2.1.md","memory/archive","2025-11-04 14:37:34"
"memory/archive/Matematicas Resonantes (DS).md","Matematicas Resonantes (DS).md","memory/archive","2025-11-04 14:37:34"
"memory/archive/QEL_Curacion_Nucleo_Minimo_v1.6.md","QEL_Curacion_Nucleo_Minimo_v1.6.md","memory/archive","2025-11-04 14:37:34"
"memory/archive/QEL_Tratado_Metahumano_Protocolo_Seguridad_Sombras_v0.2.md","QEL_Tratado_Metahumano_Protocolo_Seguridad_Sombras_v0.2.md","memory/archive","2025-11-04 14:37:34"
"memory/archive/QEL_Tratado_Metahumano_Protocolo_Seguridad_Sombras_v0.6.md","QEL_Tratado_Metahumano_Protocolo_Seguridad_Sombras_v0.6.md","memory/archive","2025-11-04 14:37:34"
"memory/archive/README_Consolidado_v0.3.md","README_Consolidado_v0.3.md","memory/archive","2025-11-04 14:37:34"
"memory/archive/QEL_CUE_Recovery_Primer_Pecado_v0.1.md","QEL_CUE_Recovery_Primer_Pecado_v0.1.md","memory/archive","2025-11-04 14:37:34"
"memory/archive/QEL_Index_v1.0.md","QEL_Index_v1.0.md","memory/archive","2025-11-04 14:37:34"
"memory/archive/README_Consolidado_v0.4.md","README_Consolidado_v0.4.md","memory/archive","2025-11-04 14:37:34"
"memory/archive/QEL_Tratado_Metahumano_Protocolo_Seguridad_Sombras_v1.0.md","QEL_Tratado_Metahumano_Protocolo_Seguridad_Sombras_v1.0.md","memory/archive","2025-11-04 14:37:34"
"memory/archive/QEL_Tratado_Metahumano_Protocolo_Seguridad_Sombras_v0.5.md","QEL_Tratado_Metahumano_Protocolo_Seguridad_Sombras_v0.5.md","memory/archive","2025-11-04 14:37:34"
"memory/archive/QEL_Glosario_v1.0.md","QEL_Glosario_v1.0.md","memory/archive","2025-11-04 14:37:34"
"memory/archive/QEL_Aurora_Spec_v1.0.md","QEL_Aurora_Spec_v1.0.md","memory/archive","2025-11-04 14:37:34"
"memory/archive/QEL_Formato_VF_Arbol_Habilidades_v0.1.md","QEL_Formato_VF_Arbol_Habilidades_v0.1.md","memory/archive","2025-11-04 14:37:34"
"memory/archive/QEL_Formato_VF_Arbol_Habilidades_v1.0.md","QEL_Formato_VF_Arbol_Habilidades_v1.0.md","memory/archive","2025-11-04 14:37:34"
"memory/archive/QEL_Aurora_Spec_v0.1.md","QEL_Aurora_Spec_v0.1.md","memory/archive","2025-11-04 14:37:34"
"memory/archive/QEL_SoT_Study_Guide_v1.0.md","QEL_SoT_Study_Guide_v1.0.md","memory/archive","2025-11-04 14:37:34"
"memory/archive/Esculpido_en_Qel_Guia_de_Trabajo_v0.3_completo.md","Esculpido_en_Qel_Guia_de_Trabajo_v0.3_completo.md","memory/archive","2025-11-04 14:37:34"
"memory/archive/QEL_Tratado_Metahumano_Protocolo_Seguridad_Sombras_v0.4.md","QEL_Tratado_Metahumano_Protocolo_Seguridad_Sombras_v0.4.md","memory/archive","2025-11-04 14:37:34"
"memory/archive/QEL_Manual_Lectura_VF_Tonalpohualli_v1.0.md","QEL_Manual_Lectura_VF_Tonalpohualli_v1.0.md","memory/archive","2025-11-04 14:37:34"
"memory/archive/QEL_FormatoR_Manual_v0.1.md","QEL_FormatoR_Manual_v0.1.md","memory/archive","2025-11-04 14:37:34"
"memory/archive/QEL_Tratado_Metahumano_Protocolo_Seguridad_Sombras_v1.1.md","QEL_Tratado_Metahumano_Protocolo_Seguridad_Sombras_v1.1.md","memory/archive","2025-11-04 14:37:34"
"memory/archive/QEL_Tratado_Metahumano_RECALL_A96-250812_v1.0_Confirmacion_v0.1.md","QEL_Tratado_Metahumano_RECALL_A96-250812_v1.0_Confirmacion_v0.1.md","memory/archive","2025-11-04 14:37:34"
"memory/archive/QEL_Diario_del_Conjurador_v1.1.md","QEL_Diario_del_Conjurador_v1.1.md","memory/archive","2025-11-04 14:37:34"
"memory/archive/Tarjetas_Atlas_QEL_v2.2.md","Tarjetas_Atlas_QEL_v2.2.md","memory/archive","2025-11-04 14:37:34"
"memory/archive/QEL_Manual_Interpretacion_Sombras_v1.0.md","QEL_Manual_Interpretacion_Sombras_v1.0.md","memory/archive","2025-11-04 14:37:34"
"memory/archive/QEL_Sellos_y_Cues_Idriell_v1.0.md","QEL_Sellos_y_Cues_Idriell_v1.0.md","memory/archive","2025-11-04 14:37:34"
"memory/archive/QEL_Manual_Interpretacion_Sombras_v1.1.md","QEL_Manual_Interpretacion_Sombras_v1.1.md","memory/archive","2025-11-04 14:37:34"
"memory/archive/QEL_Matriz_Fonemica_Habilidades_v1.2.md","QEL_Matriz_Fonemica_Habilidades_v1.2.md","memory/archive","2025-11-04 14:37:34"
"memory/archive/QEL_Guia_Operacion_QEL_Consolidada_v1.0.md","QEL_Guia_Operacion_QEL_Consolidada_v1.0.md","memory/archive","2025-11-04 14:37:34"
"memory/archive/QEL_Diario_del_Conjurador_v1.0.md","QEL_Diario_del_Conjurador_v1.0.md","memory/archive","2025-11-04 14:37:34"
"memory/archive/QEL_Diario_del_Conjurador_v1.2_Confirmacion_v0.1.md","QEL_Diario_del_Conjurador_v1.2_Confirmacion_v0.1.md","memory/archive","2025-11-04 14:37:34"
"memory/listador/QEL_ListadoR_A96_v0.2.md","QEL_ListadoR_A96_v0.2.md","memory/listador","2025-11-04 14:37:34"
"memory/listador/QEL_ListadoR_A96_v1.3.md","QEL_ListadoR_A96_v1.3.md","memory/listador","2025-11-04 14:37:34"
"memory/listador/QEL_ListadoR_A96_v0.3.md","QEL_ListadoR_A96_v0.3.md","memory/listador","2025-11-04 14:37:34"
"memory/listador/QEL_ListadoR_A96_v1.2.md","QEL_ListadoR_A96_v1.2.md","memory/listador","2025-11-04 14:37:34"
"memory/listador/QEL_ListadoR_"A96_v1.3.md","QEL_ListadoR_"A96_v1.3.md","memory/listador","2025-11-04 14:37:34"
"memory/listador/Listado_CUEs_FormatoR_Q1+A96_v0.1.md","Listado_CUEs_FormatoR_Q1+A96_v0.1.md","memory/listador","2025-11-04 14:37:34"
"memory/listador/QEL_ListadoR_"""A37_v1.3.md","QEL_ListadoR_"""A37_v1.3.md","memory/listador","2025-11-04 14:37:34"
"memory/listador/Listado_CUEs_FormatoR_Q1+A96_v0.3.md","Listado_CUEs_FormatoR_Q1+A96_v0.3.md","memory/listador","2025-11-04 14:37:34"
"memory/listador/QEL_ListadoR_A96_v1.2_Confirmacion_v0.1.md","QEL_ListadoR_A96_v1.2_Confirmacion_v0.1.md","memory/listador","2025-11-04 14:37:34"
"memory/listador/Listado_CUEs_FormatoR_Q1+A96_v0.2.md","Listado_CUEs_FormatoR_Q1+A96_v0.2.md","memory/listador","2025-11-04 14:37:34"
"memory/listador/QEL_ListadoR_A96_v1.1.md","QEL_ListadoR_A96_v1.1.md","memory/listador","2025-11-04 14:37:34"
"memory/listador/QEL_ListadoR_A96_v0.1.md","QEL_ListadoR_A96_v0.1.md","memory/listador","2025-11-04 14:37:34"
"memory/listador/QEL_ListadoR_A96_v1.0.md","QEL_ListadoR_A96_v1.0.md","memory/listador","2025-11-04 14:37:34"
"memory/cue-recovery/CUE-RECOVERY_Plantilla_Caos_v0.2.1.md","CUE-RECOVERY_Plantilla_Caos_v0.2.1.md","memory/cue-recovery","2025-11-04 14:37:34"
"memory/cue-recovery/CUE-RECOVERY_Plantilla_Caos_v0.2.md","CUE-RECOVERY_Plantilla_Caos_v0.2.md","memory/cue-recovery","2025-11-04 14:37:34"
"memory/QEL_A96_MANIFIESTO_TRIADA_ESPEJO_v0.2.md","QEL_A96_MANIFIESTO_TRIADA_ESPEJO_v0.2.md","memory","2025-11-04 14:37:34"
"memory/QEL_Arbol_Habilidades_MP_v1.0.md","QEL_Arbol_Habilidades_MP_v1.0.md","memory","2025-11-04 14:37:34"
"README/PREH-NAV_README_v0.2.md","PREH-NAV_README_v0.2.md","README","2025-11-04 14:37:34"
"README/README_Q1 (1).md","README_Q1 (1).md","README","2025-11-04 14:37:34"
"README/README_Q1.md","README_Q1.md","README","2025-11-04 14:37:34"
"README/README.md","README.md","README","2025-11-04 14:37:34"
"README/README_Consolidado_v0.4.md","README_Consolidado_v0.4.md","README","2025-11-04 14:37:34"
"README/README_QEL_MASTER_v0.2.1.md","README_QEL_MASTER_v0.2.1.md","README","2025-11-04 14:37:34"
"pub/cue-recovery/CUE-RECOVERY_Plantilla_Caos_v0.2.1.md","CUE-RECOVERY_Plantilla_Caos_v0.2.1.md","pub/cue-recovery","2025-11-04 14:37:34"
"pub/manuales/INSTALL_NOTES_PREH.md","INSTALL_NOTES_PREH.md","pub/manuales","2025-11-04 14:37:34"
"pub/an/A96_Notas_Espontaneas_Sombras_Qel_v0.1.md","A96_Notas_Espontaneas_Sombras_Qel_v0.1.md","pub/an","2025-11-04 14:37:34"
"pub/an/A81_Notas_Espontaneas_v0.2.md","A81_Notas_Espontaneas_v0.2.md","pub/an","2025-11-04 14:37:34"
"pub/an/A81_Notas_Espontaneasv_0.3.md","A81_Notas_Espontaneasv_0.3.md","pub/an","2025-11-04 14:37:34"
"pub/an/A96_Notas_Espontaneas_Sombras_Qel_v0.2.md","A96_Notas_Espontaneas_Sombras_Qel_v0.2.md","pub/an","2025-11-04 14:37:34"
"pub/an/A81_Notas_Espontaneas_v0.1.md","A81_Notas_Espontaneas_v0.1.md","pub/an","2025-11-04 14:37:34"
"pub/README_QEL_MASTER_v0.2.1.md","README_QEL_MASTER_v0.2.1.md","pub","2025-11-04 14:37:34"
"pub/ecri/Los Tres Árboles Iluminados (DS).md","Los Tres Árboles Iluminados (DS).md","pub/ecri","2025-11-04 14:37:34"
"docs/core/Qel_Codice_Madre.md","Qel_Codice_Madre.md","docs/core","2025-11-04 14:39:45"
"docs/core/QEL_Curacion_Nucleo_Minimo.md","QEL_Curacion_Nucleo_Minimo.md","docs/core","2025-11-04 14:39:45"
"docs/ritual/QEL_Altar_y_Llave_v1.0.md","QEL_Altar_y_Llave_v1.0.md","docs/ritual","2025-11-04 14:39:45"
"memory/archive/QEL_Sistema_Completo_v0.2_Consolidado.md","QEL_Sistema_Completo_v0.2_Consolidado.md","memory/archive","2025-11-04 14:39:45"
"memory/archive/QEL_PR_TEMPLATE_v0.2.2.md","QEL_PR_TEMPLATE_v0.2.2.md","memory/archive","2025-11-04 14:39:45"
"memory/archive/QEL_ECO_A96-250812-PRIMER-PECADO_delta-only_v0.1.md","QEL_ECO_A96-250812-PRIMER-PECADO_delta-only_v0.1.md","memory/archive","2025-11-04 14:39:45"
"memory/archive/QEL_Diario_del_Conjurador_v1.2.md","QEL_Diario_del_Conjurador_v1.2.md","memory/archive","2025-11-04 14:39:45"
"memory/archive/QEL_Sistema_Consolidado_v0.2_Confirmacion_v0.1.md","QEL_Sistema_Consolidado_v0.2_Confirmacion_v0.1.md","memory/archive","2025-11-04 14:39:45"
"memory/archive/QEL_Chat_Register_All.md","QEL_Chat_Register_All.md","memory/archive","2025-11-04 14:39:45"
"memory/archive/Esculpido_en_Qel_Guia_de_Trabajo_v0.3.md","Esculpido_en_Qel_Guia_de_Trabajo_v0.3.md","memory/archive","2025-11-04 14:39:45"
"memory/archive/QEL_CUE_Exception_v0.1.md","QEL_CUE_Exception_v0.1.md","memory/archive","2025-11-04 14:39:45"
"memory/archive/QEL_Matriz_Fonemica_Habilidades_v0.1.md","QEL_Matriz_Fonemica_Habilidades_v0.1.md","memory/archive","2025-11-04 14:39:45"
"memory/archive/QEL_Matriz_Fonemica_Habilidades_v1.0.md","QEL_Matriz_Fonemica_Habilidades_v1.0.md","memory/archive","2025-11-04 14:39:45"
"memory/archive/QEL_VF_Carta_Lun-Nai_v1.0.md","QEL_VF_Carta_Lun-Nai_v1.0.md","memory/archive","2025-11-04 14:39:45"
"memory/archive/QEL_Glosario_v1.2.md","QEL_Glosario_v1.2.md","memory/archive","2025-11-04 14:39:45"
"memory/archive/QEL_Chat_Index.md","QEL_Chat_Index.md","memory/archive","2025-11-04 14:39:45"
"memory/archive/QEL_FormatoR_Manual_v0.2.md","QEL_FormatoR_Manual_v0.2.md","memory/archive","2025-11-04 14:39:45"
"memory/archive/QEL_Instrumentos_Medicion_v1.0.md","QEL_Instrumentos_Medicion_v1.0.md","memory/archive","2025-11-04 14:39:45"
"memory/archive/QEL_Index_v1.1.md","QEL_Index_v1.1.md","memory/archive","2025-11-04 14:39:45"
"memory/archive/QEL_Tratado_Metahumano_Protocolo_Seguridad_Sombras_v0.3.md","QEL_Tratado_Metahumano_Protocolo_Seguridad_Sombras_v0.3.md","memory/archive","2025-11-04 14:39:45"
"memory/archive/QEL_Tratado_Metahumano_Nota_v0.1.md","QEL_Tratado_Metahumano_Nota_v0.1.md","memory/archive","2025-11-04 14:39:45"
"memory/archive/Tarjetas_Atlas_QEL_v0.2.1.md","Tarjetas_Atlas_QEL_v0.2.1.md","memory/archive","2025-11-04 14:39:45"
"memory/archive/Matematicas Resonantes (DS).md","Matematicas Resonantes (DS).md","memory/archive","2025-11-04 14:39:45"
"memory/archive/QEL_Curacion_Nucleo_Minimo_v1.6.md","QEL_Curacion_Nucleo_Minimo_v1.6.md","memory/archive","2025-11-04 14:39:45"
"memory/archive/QEL_Tratado_Metahumano_Protocolo_Seguridad_Sombras_v0.2.md","QEL_Tratado_Metahumano_Protocolo_Seguridad_Sombras_v0.2.md","memory/archive","2025-11-04 14:39:45"
"memory/archive/QEL_Tratado_Metahumano_Protocolo_Seguridad_Sombras_v0.6.md","QEL_Tratado_Metahumano_Protocolo_Seguridad_Sombras_v0.6.md","memory/archive","2025-11-04 14:39:45"
"memory/archive/README_Consolidado_v0.3.md","README_Consolidado_v0.3.md","memory/archive","2025-11-04 14:39:45"
"memory/archive/QEL_CUE_Recovery_Primer_Pecado_v0.1.md","QEL_CUE_Recovery_Primer_Pecado_v0.1.md","memory/archive","2025-11-04 14:39:45"
"memory/archive/QEL_Index_v1.0.md","QEL_Index_v1.0.md","memory/archive","2025-11-04 14:39:45"
"memory/archive/README_Consolidado_v0.4.md","README_Consolidado_v0.4.md","memory/archive","2025-11-04 14:39:45"
"memory/archive/QEL_Tratado_Metahumano_Protocolo_Seguridad_Sombras_v1.0.md","QEL_Tratado_Metahumano_Protocolo_Seguridad_Sombras_v1.0.md","memory/archive","2025-11-04 14:39:45"
"memory/archive/QEL_Tratado_Metahumano_Protocolo_Seguridad_Sombras_v0.5.md","QEL_Tratado_Metahumano_Protocolo_Seguridad_Sombras_v0.5.md","memory/archive","2025-11-04 14:39:45"
"memory/archive/QEL_Glosario_v1.0.md","QEL_Glosario_v1.0.md","memory/archive","2025-11-04 14:39:45"
"memory/archive/QEL_Aurora_Spec_v1.0.md","QEL_Aurora_Spec_v1.0.md","memory/archive","2025-11-04 14:39:45"
"memory/archive/QEL_Formato_VF_Arbol_Habilidades_v0.1.md","QEL_Formato_VF_Arbol_Habilidades_v0.1.md","memory/archive","2025-11-04 14:39:45"
"memory/archive/QEL_Formato_VF_Arbol_Habilidades_v1.0.md","QEL_Formato_VF_Arbol_Habilidades_v1.0.md","memory/archive","2025-11-04 14:39:45"
"memory/archive/QEL_Aurora_Spec_v0.1.md","QEL_Aurora_Spec_v0.1.md","memory/archive","2025-11-04 14:39:45"
"memory/archive/QEL_SoT_Study_Guide_v1.0.md","QEL_SoT_Study_Guide_v1.0.md","memory/archive","2025-11-04 14:39:45"
"memory/archive/Esculpido_en_Qel_Guia_de_Trabajo_v0.3_completo.md","Esculpido_en_Qel_Guia_de_Trabajo_v0.3_completo.md","memory/archive","2025-11-04 14:39:45"
"memory/archive/QEL_Tratado_Metahumano_Protocolo_Seguridad_Sombras_v0.4.md","QEL_Tratado_Metahumano_Protocolo_Seguridad_Sombras_v0.4.md","memory/archive","2025-11-04 14:39:45"
"memory/archive/QEL_Manual_Lectura_VF_Tonalpohualli_v1.0.md","QEL_Manual_Lectura_VF_Tonalpohualli_v1.0.md","memory/archive","2025-11-04 14:39:45"
"memory/archive/QEL_FormatoR_Manual_v0.1.md","QEL_FormatoR_Manual_v0.1.md","memory/archive","2025-11-04 14:39:45"
"memory/archive/QEL_Tratado_Metahumano_Protocolo_Seguridad_Sombras_v1.1.md","QEL_Tratado_Metahumano_Protocolo_Seguridad_Sombras_v1.1.md","memory/archive","2025-11-04 14:39:45"
"memory/archive/QEL_Tratado_Metahumano_RECALL_A96-250812_v1.0_Confirmacion_v0.1.md","QEL_Tratado_Metahumano_RECALL_A96-250812_v1.0_Confirmacion_v0.1.md","memory/archive","2025-11-04 14:39:45"
"memory/archive/QEL_Diario_del_Conjurador_v1.1.md","QEL_Diario_del_Conjurador_v1.1.md","memory/archive","2025-11-04 14:39:45"
"memory/archive/Tarjetas_Atlas_QEL_v2.2.md","Tarjetas_Atlas_QEL_v2.2.md","memory/archive","2025-11-04 14:39:45"
"memory/archive/QEL_Manual_Interpretacion_Sombras_v1.0.md","QEL_Manual_Interpretacion_Sombras_v1.0.md","memory/archive","2025-11-04 14:39:45"
"memory/archive/QEL_Sellos_y_Cues_Idriell_v1.0.md","QEL_Sellos_y_Cues_Idriell_v1.0.md","memory/archive","2025-11-04 14:39:45"
"memory/archive/QEL_Manual_Interpretacion_Sombras_v1.1.md","QEL_Manual_Interpretacion_Sombras_v1.1.md","memory/archive","2025-11-04 14:39:45"
"memory/archive/QEL_Matriz_Fonemica_Habilidades_v1.2.md","QEL_Matriz_Fonemica_Habilidades_v1.2.md","memory/archive","2025-11-04 14:39:45"
"memory/archive/QEL_Guia_Operacion_QEL_Consolidada_v1.0.md","QEL_Guia_Operacion_QEL_Consolidada_v1.0.md","memory/archive","2025-11-04 14:39:45"
"memory/archive/QEL_Diario_del_Conjurador_v1.0.md","QEL_Diario_del_Conjurador_v1.0.md","memory/archive","2025-11-04 14:39:45"
"memory/archive/QEL_Diario_del_Conjurador_v1.2_Confirmacion_v0.1.md","QEL_Diario_del_Conjurador_v1.2_Confirmacion_v0.1.md","memory/archive","2025-11-04 14:39:45"
"memory/listador/QEL_ListadoR_A96_v0.2.md","QEL_ListadoR_A96_v0.2.md","memory/listador","2025-11-04 14:39:45"
"memory/listador/QEL_ListadoR_A96_v1.3.md","QEL_ListadoR_A96_v1.3.md","memory/listador","2025-11-04 14:39:45"
"memory/listador/QEL_ListadoR_A96_v0.3.md","QEL_ListadoR_A96_v0.3.md","memory/listador","2025-11-04 14:39:45"
"memory/listador/QEL_ListadoR_A96_v1.2.md","QEL_ListadoR_A96_v1.2.md","memory/listador","2025-11-04 14:39:45"
"memory/listador/QEL_ListadoR_"A96_v1.3.md","QEL_ListadoR_"A96_v1.3.md","memory/listador","2025-11-04 14:39:45"
"memory/listador/Listado_CUEs_FormatoR_Q1+A96_v0.1.md","Listado_CUEs_FormatoR_Q1+A96_v0.1.md","memory/listador","2025-11-04 14:39:45"
"memory/listador/QEL_ListadoR_"""A37_v1.3.md","QEL_ListadoR_"""A37_v1.3.md","memory/listador","2025-11-04 14:39:45"
"memory/listador/Listado_CUEs_FormatoR_Q1+A96_v0.3.md","Listado_CUEs_FormatoR_Q1+A96_v0.3.md","memory/listador","2025-11-04 14:39:45"
"memory/listador/QEL_ListadoR_A96_v1.2_Confirmacion_v0.1.md","QEL_ListadoR_A96_v1.2_Confirmacion_v0.1.md","memory/listador","2025-11-04 14:39:45"
"memory/listador/Listado_CUEs_FormatoR_Q1+A96_v0.2.md","Listado_CUEs_FormatoR_Q1+A96_v0.2.md","memory/listador","2025-11-04 14:39:45"
"memory/listador/QEL_ListadoR_A96_v1.1.md","QEL_ListadoR_A96_v1.1.md","memory/listador","2025-11-04 14:39:45"
"memory/listador/QEL_ListadoR_A96_v0.1.md","QEL_ListadoR_A96_v0.1.md","memory/listador","2025-11-04 14:39:45"
"memory/listador/QEL_ListadoR_A96_v1.0.md","QEL_ListadoR_A96_v1.0.md","memory/listador","2025-11-04 14:39:45"
"memory/cue-recovery/CUE-RECOVERY_Plantilla_Caos_v0.2.1.md","CUE-RECOVERY_Plantilla_Caos_v0.2.1.md","memory/cue-recovery","2025-11-04 14:39:45"
"memory/cue-recovery/CUE-RECOVERY_Plantilla_Caos_v0.2.md","CUE-RECOVERY_Plantilla_Caos_v0.2.md","memory/cue-recovery","2025-11-04 14:39:45"
"memory/QEL_A96_MANIFIESTO_TRIADA_ESPEJO_v0.2.md","QEL_A96_MANIFIESTO_TRIADA_ESPEJO_v0.2.md","memory","2025-11-04 14:39:45"
"memory/QEL_Arbol_Habilidades_MP_v1.0.md","QEL_Arbol_Habilidades_MP_v1.0.md","memory","2025-11-04 14:39:45"
"README/PREH-NAV_README_v0.2.md","PREH-NAV_README_v0.2.md","README","2025-11-04 14:39:45"
"README/README_Q1 (1).md","README_Q1 (1).md","README","2025-11-04 14:39:45"
"README/README_Q1.md","README_Q1.md","README","2025-11-04 14:39:45"
"README/README.md","README.md","README","2025-11-04 14:39:45"
"README/README_Consolidado_v0.4.md","README_Consolidado_v0.4.md","README","2025-11-04 14:39:45"
"README/README_QEL_MASTER_v0.2.1.md","README_QEL_MASTER_v0.2.1.md","README","2025-11-04 14:39:45"
"pub/cue-recovery/CUE-RECOVERY_Plantilla_Caos_v0.2.1.md","CUE-RECOVERY_Plantilla_Caos_v0.2.1.md","pub/cue-recovery","2025-11-04 14:39:45"
"pub/manuales/INSTALL_NOTES_PREH.md","INSTALL_NOTES_PREH.md","pub/manuales","2025-11-04 14:39:45"
"pub/an/A96_Notas_Espontaneas_Sombras_Qel_v0.1.md","A96_Notas_Espontaneas_Sombras_Qel_v0.1.md","pub/an","2025-11-04 14:39:45"
"pub/an/A81_Notas_Espontaneas_v0.2.md","A81_Notas_Espontaneas_v0.2.md","pub/an","2025-11-04 14:39:45"
"pub/an/A81_Notas_Espontaneasv_0.3.md","A81_Notas_Espontaneasv_0.3.md","pub/an","2025-11-04 14:39:45"
"pub/an/A96_Notas_Espontaneas_Sombras_Qel_v0.2.md","A96_Notas_Espontaneas_Sombras_Qel_v0.2.md","pub/an","2025-11-04 14:39:45"
"pub/an/A81_Notas_Espontaneas_v0.1.md","A81_Notas_Espontaneas_v0.1.md","pub/an","2025-11-04 14:39:45"
"pub/README_QEL_MASTER_v0.2.1.md","README_QEL_MASTER_v0.2.1.md","pub","2025-11-04 14:39:45"
"pub/ecri/Los Tres Árboles Iluminados (DS).md","Los Tres Árboles Iluminados (DS).md","pub/ecri","2025-11-04 14:39:45"
"docs/core/Qel_Codice_Madre.md","Qel_Codice_Madre.md","docs/core","2025-11-04 14:41:37"
"docs/core/QEL_Curacion_Nucleo_Minimo.md","QEL_Curacion_Nucleo_Minimo.md","docs/core","2025-11-04 14:41:37"
"docs/ritual/QEL_Altar_y_Llave_v1.0.md","QEL_Altar_y_Llave_v1.0.md","docs/ritual","2025-11-04 14:41:37"
"memory/archive/QEL_Sistema_Completo_v0.2_Consolidado.md","QEL_Sistema_Completo_v0.2_Consolidado.md","memory/archive","2025-11-04 14:41:37"
"memory/archive/QEL_PR_TEMPLATE_v0.2.2.md","QEL_PR_TEMPLATE_v0.2.2.md","memory/archive","2025-11-04 14:41:37"
"memory/archive/QEL_ECO_A96-250812-PRIMER-PECADO_delta-only_v0.1.md","QEL_ECO_A96-250812-PRIMER-PECADO_delta-only_v0.1.md","memory/archive","2025-11-04 14:41:37"
"memory/archive/QEL_Diario_del_Conjurador_v1.2.md","QEL_Diario_del_Conjurador_v1.2.md","memory/archive","2025-11-04 14:41:37"
"memory/archive/QEL_Sistema_Consolidado_v0.2_Confirmacion_v0.1.md","QEL_Sistema_Consolidado_v0.2_Confirmacion_v0.1.md","memory/archive","2025-11-04 14:41:37"
"memory/archive/QEL_Chat_Register_All.md","QEL_Chat_Register_All.md","memory/archive","2025-11-04 14:41:37"
"memory/archive/Esculpido_en_Qel_Guia_de_Trabajo_v0.3.md","Esculpido_en_Qel_Guia_de_Trabajo_v0.3.md","memory/archive","2025-11-04 14:41:37"
"memory/archive/QEL_CUE_Exception_v0.1.md","QEL_CUE_Exception_v0.1.md","memory/archive","2025-11-04 14:41:37"
"memory/archive/QEL_Matriz_Fonemica_Habilidades_v0.1.md","QEL_Matriz_Fonemica_Habilidades_v0.1.md","memory/archive","2025-11-04 14:41:37"
"memory/archive/QEL_Matriz_Fonemica_Habilidades_v1.0.md","QEL_Matriz_Fonemica_Habilidades_v1.0.md","memory/archive","2025-11-04 14:41:37"
"memory/archive/QEL_VF_Carta_Lun-Nai_v1.0.md","QEL_VF_Carta_Lun-Nai_v1.0.md","memory/archive","2025-11-04 14:41:37"
"memory/archive/QEL_Glosario_v1.2.md","QEL_Glosario_v1.2.md","memory/archive","2025-11-04 14:41:37"
"memory/archive/QEL_Chat_Index.md","QEL_Chat_Index.md","memory/archive","2025-11-04 14:41:37"
"memory/archive/QEL_FormatoR_Manual_v0.2.md","QEL_FormatoR_Manual_v0.2.md","memory/archive","2025-11-04 14:41:37"
"memory/archive/QEL_Instrumentos_Medicion_v1.0.md","QEL_Instrumentos_Medicion_v1.0.md","memory/archive","2025-11-04 14:41:37"
"memory/archive/QEL_Index_v1.1.md","QEL_Index_v1.1.md","memory/archive","2025-11-04 14:41:37"
"memory/archive/QEL_Tratado_Metahumano_Protocolo_Seguridad_Sombras_v0.3.md","QEL_Tratado_Metahumano_Protocolo_Seguridad_Sombras_v0.3.md","memory/archive","2025-11-04 14:41:37"
"memory/archive/QEL_Tratado_Metahumano_Nota_v0.1.md","QEL_Tratado_Metahumano_Nota_v0.1.md","memory/archive","2025-11-04 14:41:37"
"memory/archive/Tarjetas_Atlas_QEL_v0.2.1.md","Tarjetas_Atlas_QEL_v0.2.1.md","memory/archive","2025-11-04 14:41:37"
"memory/archive/Matematicas Resonantes (DS).md","Matematicas Resonantes (DS).md","memory/archive","2025-11-04 14:41:37"
"memory/archive/QEL_Curacion_Nucleo_Minimo_v1.6.md","QEL_Curacion_Nucleo_Minimo_v1.6.md","memory/archive","2025-11-04 14:41:37"
"memory/archive/QEL_Tratado_Metahumano_Protocolo_Seguridad_Sombras_v0.2.md","QEL_Tratado_Metahumano_Protocolo_Seguridad_Sombras_v0.2.md","memory/archive","2025-11-04 14:41:37"
"memory/archive/QEL_Tratado_Metahumano_Protocolo_Seguridad_Sombras_v0.6.md","QEL_Tratado_Metahumano_Protocolo_Seguridad_Sombras_v0.6.md","memory/archive","2025-11-04 14:41:37"
"memory/archive/README_Consolidado_v0.3.md","README_Consolidado_v0.3.md","memory/archive","2025-11-04 14:41:37"
"memory/archive/QEL_CUE_Recovery_Primer_Pecado_v0.1.md","QEL_CUE_Recovery_Primer_Pecado_v0.1.md","memory/archive","2025-11-04 14:41:37"
"memory/archive/QEL_Index_v1.0.md","QEL_Index_v1.0.md","memory/archive","2025-11-04 14:41:37"
"memory/archive/README_Consolidado_v0.4.md","README_Consolidado_v0.4.md","memory/archive","2025-11-04 14:41:37"
"memory/archive/QEL_Tratado_Metahumano_Protocolo_Seguridad_Sombras_v1.0.md","QEL_Tratado_Metahumano_Protocolo_Seguridad_Sombras_v1.0.md","memory/archive","2025-11-04 14:41:37"
"memory/archive/QEL_Tratado_Metahumano_Protocolo_Seguridad_Sombras_v0.5.md","QEL_Tratado_Metahumano_Protocolo_Seguridad_Sombras_v0.5.md","memory/archive","2025-11-04 14:41:37"
"memory/archive/QEL_Glosario_v1.0.md","QEL_Glosario_v1.0.md","memory/archive","2025-11-04 14:41:37"
"memory/archive/QEL_Aurora_Spec_v1.0.md","QEL_Aurora_Spec_v1.0.md","memory/archive","2025-11-04 14:41:37"
"memory/archive/QEL_Formato_VF_Arbol_Habilidades_v0.1.md","QEL_Formato_VF_Arbol_Habilidades_v0.1.md","memory/archive","2025-11-04 14:41:37"
"memory/archive/QEL_Formato_VF_Arbol_Habilidades_v1.0.md","QEL_Formato_VF_Arbol_Habilidades_v1.0.md","memory/archive","2025-11-04 14:41:37"
"memory/archive/QEL_Aurora_Spec_v0.1.md","QEL_Aurora_Spec_v0.1.md","memory/archive","2025-11-04 14:41:37"
"memory/archive/QEL_SoT_Study_Guide_v1.0.md","QEL_SoT_Study_Guide_v1.0.md","memory/archive","2025-11-04 14:41:37"
"memory/archive/Esculpido_en_Qel_Guia_de_Trabajo_v0.3_completo.md","Esculpido_en_Qel_Guia_de_Trabajo_v0.3_completo.md","memory/archive","2025-11-04 14:41:37"
"memory/archive/QEL_Tratado_Metahumano_Protocolo_Seguridad_Sombras_v0.4.md","QEL_Tratado_Metahumano_Protocolo_Seguridad_Sombras_v0.4.md","memory/archive","2025-11-04 14:41:37"
"memory/archive/QEL_Manual_Lectura_VF_Tonalpohualli_v1.0.md","QEL_Manual_Lectura_VF_Tonalpohualli_v1.0.md","memory/archive","2025-11-04 14:41:37"
"memory/archive/QEL_FormatoR_Manual_v0.1.md","QEL_FormatoR_Manual_v0.1.md","memory/archive","2025-11-04 14:41:37"
"memory/archive/QEL_Tratado_Metahumano_Protocolo_Seguridad_Sombras_v1.1.md","QEL_Tratado_Metahumano_Protocolo_Seguridad_Sombras_v1.1.md","memory/archive","2025-11-04 14:41:37"
"memory/archive/QEL_Tratado_Metahumano_RECALL_A96-250812_v1.0_Confirmacion_v0.1.md","QEL_Tratado_Metahumano_RECALL_A96-250812_v1.0_Confirmacion_v0.1.md","memory/archive","2025-11-04 14:41:37"
"memory/archive/QEL_Diario_del_Conjurador_v1.1.md","QEL_Diario_del_Conjurador_v1.1.md","memory/archive","2025-11-04 14:41:37"
"memory/archive/Tarjetas_Atlas_QEL_v2.2.md","Tarjetas_Atlas_QEL_v2.2.md","memory/archive","2025-11-04 14:41:37"
"memory/archive/QEL_Manual_Interpretacion_Sombras_v1.0.md","QEL_Manual_Interpretacion_Sombras_v1.0.md","memory/archive","2025-11-04 14:41:37"
"memory/archive/QEL_Sellos_y_Cues_Idriell_v1.0.md","QEL_Sellos_y_Cues_Idriell_v1.0.md","memory/archive","2025-11-04 14:41:37"
"memory/archive/QEL_Manual_Interpretacion_Sombras_v1.1.md","QEL_Manual_Interpretacion_Sombras_v1.1.md","memory/archive","2025-11-04 14:41:37"
"memory/archive/QEL_Matriz_Fonemica_Habilidades_v1.2.md","QEL_Matriz_Fonemica_Habilidades_v1.2.md","memory/archive","2025-11-04 14:41:37"
"memory/archive/QEL_Guia_Operacion_QEL_Consolidada_v1.0.md","QEL_Guia_Operacion_QEL_Consolidada_v1.0.md","memory/archive","2025-11-04 14:41:37"
"memory/archive/QEL_Diario_del_Conjurador_v1.0.md","QEL_Diario_del_Conjurador_v1.0.md","memory/archive","2025-11-04 14:41:37"
"memory/archive/QEL_Diario_del_Conjurador_v1.2_Confirmacion_v0.1.md","QEL_Diario_del_Conjurador_v1.2_Confirmacion_v0.1.md","memory/archive","2025-11-04 14:41:37"
"memory/listador/QEL_ListadoR_A96_v0.2.md","QEL_ListadoR_A96_v0.2.md","memory/listador","2025-11-04 14:41:37"
"memory/listador/QEL_ListadoR_A96_v1.3.md","QEL_ListadoR_A96_v1.3.md","memory/listador","2025-11-04 14:41:37"
"memory/listador/QEL_ListadoR_A96_v0.3.md","QEL_ListadoR_A96_v0.3.md","memory/listador","2025-11-04 14:41:37"
"memory/listador/QEL_ListadoR_A96_v1.2.md","QEL_ListadoR_A96_v1.2.md","memory/listador","2025-11-04 14:41:37"
"memory/listador/QEL_ListadoR_"A96_v1.3.md","QEL_ListadoR_"A96_v1.3.md","memory/listador","2025-11-04 14:41:37"
"memory/listador/Listado_CUEs_FormatoR_Q1+A96_v0.1.md","Listado_CUEs_FormatoR_Q1+A96_v0.1.md","memory/listador","2025-11-04 14:41:37"
"memory/listador/QEL_ListadoR_"""A37_v1.3.md","QEL_ListadoR_"""A37_v1.3.md","memory/listador","2025-11-04 14:41:37"
"memory/listador/Listado_CUEs_FormatoR_Q1+A96_v0.3.md","Listado_CUEs_FormatoR_Q1+A96_v0.3.md","memory/listador","2025-11-04 14:41:37"
"memory/listador/QEL_ListadoR_A96_v1.2_Confirmacion_v0.1.md","QEL_ListadoR_A96_v1.2_Confirmacion_v0.1.md","memory/listador","2025-11-04 14:41:37"
"memory/listador/Listado_CUEs_FormatoR_Q1+A96_v0.2.md","Listado_CUEs_FormatoR_Q1+A96_v0.2.md","memory/listador","2025-11-04 14:41:37"
"memory/listador/QEL_ListadoR_A96_v1.1.md","QEL_ListadoR_A96_v1.1.md","memory/listador","2025-11-04 14:41:37"
"memory/listador/QEL_ListadoR_A96_v0.1.md","QEL_ListadoR_A96_v0.1.md","memory/listador","2025-11-04 14:41:37"
"memory/listador/QEL_ListadoR_A96_v1.0.md","QEL_ListadoR_A96_v1.0.md","memory/listador","2025-11-04 14:41:37"
"memory/cue-recovery/CUE-RECOVERY_Plantilla_Caos_v0.2.1.md","CUE-RECOVERY_Plantilla_Caos_v0.2.1.md","memory/cue-recovery","2025-11-04 14:41:37"
"memory/cue-recovery/CUE-RECOVERY_Plantilla_Caos_v0.2.md","CUE-RECOVERY_Plantilla_Caos_v0.2.md","memory/cue-recovery","2025-11-04 14:41:37"
"memory/QEL_A96_MANIFIESTO_TRIADA_ESPEJO_v0.2.md","QEL_A96_MANIFIESTO_TRIADA_ESPEJO_v0.2.md","memory","2025-11-04 14:41:37"
"memory/QEL_Arbol_Habilidades_MP_v1.0.md","QEL_Arbol_Habilidades_MP_v1.0.md","memory","2025-11-04 14:41:37"
"README/PREH-NAV_README_v0.2.md","PREH-NAV_README_v0.2.md","README","2025-11-04 14:41:37"
"README/README_Q1 (1).md","README_Q1 (1).md","README","2025-11-04 14:41:37"
"README/README_Q1.md","README_Q1.md","README","2025-11-04 14:41:37"
"README/README.md","README.md","README","2025-11-04 14:41:37"
"README/README_Consolidado_v0.4.md","README_Consolidado_v0.4.md","README","2025-11-04 14:41:37"
"README/README_QEL_MASTER_v0.2.1.md","README_QEL_MASTER_v0.2.1.md","README","2025-11-04 14:41:37"
"pub/cue-recovery/CUE-RECOVERY_Plantilla_Caos_v0.2.1.md","CUE-RECOVERY_Plantilla_Caos_v0.2.1.md","pub/cue-recovery","2025-11-04 14:41:37"
"pub/manuales/INSTALL_NOTES_PREH.md","INSTALL_NOTES_PREH.md","pub/manuales","2025-11-04 14:41:37"
"pub/an/A96_Notas_Espontaneas_Sombras_Qel_v0.1.md","A96_Notas_Espontaneas_Sombras_Qel_v0.1.md","pub/an","2025-11-04 14:41:37"
"pub/an/A81_Notas_Espontaneas_v0.2.md","A81_Notas_Espontaneas_v0.2.md","pub/an","2025-11-04 14:41:37"
"pub/an/A81_Notas_Espontaneasv_0.3.md","A81_Notas_Espontaneasv_0.3.md","pub/an","2025-11-04 14:41:37"
"pub/an/A96_Notas_Espontaneas_Sombras_Qel_v0.2.md","A96_Notas_Espontaneas_Sombras_Qel_v0.2.md","pub/an","2025-11-04 14:41:37"
"pub/an/A81_Notas_Espontaneas_v0.1.md","A81_Notas_Espontaneas_v0.1.md","pub/an","2025-11-04 14:41:37"
"pub/README_QEL_MASTER_v0.2.1.md","README_QEL_MASTER_v0.2.1.md","pub","2025-11-04 14:41:37"
"pub/ecri/Los Tres Árboles Iluminados (DS).md","Los Tres Árboles Iluminados (DS).md","pub/ecri","2025-11-04 14:41:37"
